
INSERT INTO UserTable  (userID, email, firstName, lastName) VALUES 
	(1           , 'arslanay@wsu.edu'      , 'Sakire'           , 'ArslanAy'),           
	(2           , 'cook@wsu.edu'          , 'Diane'            , 'Cook'),          
	(3           , 'hauser@wsu.edu'        , 'Carl'             , 'Hauser'),       
	(4           , 'rahman@wsu.edu'        , 'Tazin'            , 'Rahman'),     
	(5           , 'tyler@wsu.edu'         , 'Tyler'            , 'Walker'),      
	(6           , 'petr@wsu.edu'          , 'Petr'             , 'Schuller'),      
	(7           , 'wang@wsu.edu'          , 'KC'               , 'Wang' ),        
	(8           , 'lucas@wsu.edu'         , 'Lucas'            , 'Mason'),        
	(9           , 'noel@wsu.edu'          , 'Noel'             , 'Sam'  ),     
    (10          , 'andy@wsu.edu'          , 'Andy'             , 'White'  ),        
	(11          , 'arnaoudova@wsu.edu'    , 'Venera'           , 'Arnaoudova'),        
	(12          , 'rea@wsu.edu'           , 'Rea'              , 'Marks' ),       	
	(13          , 'rachel@wsu.edu'        , 'Rachel'           , 'Forbes' ),      
	(14          , 'zeng@wsu.edu'          , 'Bob'              , 'Zeng'),          
	(15          , 'jacob@wsu.edu'         , 'Jacob'            , 'Lee'  ),      
	(16          , 'travis@wsu.edu'        , 'Travis'           , 'Person' ),       
	(17          , 'min@wsu.edu'           , 'Min'              , 'Quin' ),       
	(18          , 'kelly@wsu.edu'         , 'Kelly'            , 'Easton' ),      
	(19          , 'amy@wsu.edu'           , 'Amy'              , 'Fan' ),       	
	(20          , 'ben@wsu.edu'           , 'Ben'              , 'Hill' ),       
	(21          , 'connor@wsu.edu'        , 'Connor'           , 'Hall' ),     
	(22			, 'badri@wsu.edu' 		  , 'Sirini'            , 'Badri');

INSERT INTO Instructor  (instructorID, title) VALUES 
	(1           , 'Associate Professor'),    
	(11          , 'Assistant Professor'), 
	(2           , 'Professor'),    
	(3           , 'Professor'),    
	(7           , 'Professor'),
   (10           , 'Professor'),	
   (14           , 'Assistant Professor'),
   (15           , 'Associate Professor'),           
   (19           , 'Instructor'),              
   (22           , 'Assistant Professor');


INSERT INTO Student  (studentID, major) VALUES 
	(4           , 'CptS' ),   
	(5           , 'CptS' ),
	(6           , 'CptS' ),   
	(8           , 'CptS' ),   
	(9           , 'CptS' ),          
	(10          , 'CptS' ),       
	(12          , 'CptS' ),
	(13          , 'CptS' ),
	(14          , 'DA' ),
	(15          , 'DA' ),
	(16          , 'DA' ),
	(17          , 'DA' ),
	(18          , 'EE' ),
	(19          , 'EE' ),
	(20          , 'EE'	), 
	(21          , 'DA'	);


INSERT INTO Course  (major, courseNum, title) VALUES  
    ('CptS'      , '132'      , 'Data Structures - Java' ),                 
	('MATH'      , '171'      , 'Calculus I' ),
	('MATH'      , '172'      , 'Calculus II'), 
    ('MATH'      , '415'      , 'Some MATH Class' ),	
	('CptS'      , '223'      , 'Advanced Data Structures' ),
	('CptS'      , '321'      , 'Object-Oriented Software Principles' ),
	('CptS'      , '322'      , 'Software Engineering Principles I '),  
	('CptS'      , '451'      , 'Introduction To Data Management'),     
	('CptS'      , '355'      , 'Programming Language Design'),         
	('CptS'      , '437'      , 'Introduction to Machine Learning'),    
	('CptS'      , '215'      , 'Data Analytics Systems and Algorithms' ),
	('STAT'      , '412'      , 'Statistical Methods in Research I'),   
	('STAT'      , '360'      , 'Probability and Statistics'),          
	('CptS'      , '581'      , 'Software Maintenance'),                
	('CptS'      , '415'      , 'Big Data' ),                           
	('CptS'      , '421'      , 'Software Design Project I'),
	('CptS'      , '423'      , 'Software Design Project II'),    
	('CptS'      , '582'      , 'Software Testing');


INSERT INTO Prerequisite (major, courseNum, prereqMajor, prereqCourseNum) VALUES                 
	('MATH'      , '172'           , 'MATH'             ,   '171' ),
	('CptS'      , '321'           , 'CptS'             ,   '223' ),
	('CptS'      , '322'           , 'CptS'             ,   '223' ),
	('CptS'      , '451'           , 'CptS'             ,   '223' ),    
	('CptS'      , '355'           , 'CptS'             ,   '223' ),    
	('CptS'      , '437'           , 'CptS'             ,   '223' ),    
	('CptS'      , '215'           , 'CptS'             ,   '132' ),
	('CptS'      , '421'           , 'CptS'             ,   '322' ),   
	('CptS'      , '421'           , 'CptS'             ,   '321' ),    
	('CptS'      , '423'           , 'CptS'             ,   '421' ),    
	('CptS'      , '415'           , 'CptS'             ,   '215' );

INSERT INTO Class (classID, major, courseNum, semester, year, instructorID, enrollmentLimit) VALUES  
	( '2019S01CptS451'        , 'CptS'       , '451'          , 'Spring'       , 2019    ,  1  , 8 ),      
	( '2019S02CptS451'        , 'CptS'       , '451'          , 'Spring'       , 2019    ,  1  , 20 ),      
	( '2019S01CptS321'        , 'CptS'       , '321'          , 'Spring'       , 2019    , 11  , 30 ),      	
	( '2019S01CptS437'        , 'CptS'       , '437'          , 'Spring'       , 2019    ,  2 , 14 ),      	
	( '2019S02CptS355'        , 'CptS'       , '355'          , 'Spring'       , 2019    ,  1  , 20 ),      	
	( '2019F01CptS321'        , 'CptS'       , '321'          , 'Fall'         , 2019    , 11  , 8 ),      	
	( '2019F01CptS322'        , 'CptS'       , '322'          , 'Fall'       , 2019      ,  1 , 10 ),      	
	( '2019F01CptS355'        , 'CptS'       , '355'          , 'Fall'       , 2019      ,  1 , 10 ),     	
	( '2019F01CptS415'        , 'CptS'       , '415'          , 'Fall'       , 2019      , 14 , 10 ),      	
	( '2019F01CptS215'        , 'CptS'       , '215'          , 'Fall'       , 2019      , 22 , 10 ),      	
	( '2019F01STAT360'        , 'STAT'       , '360'          , 'Fall'       , 2019      , 15 , 10 ),      	
	( '2019F02STAT360'        , 'STAT'       , '360'          , 'Fall'       , 2019      , 15 , 15 ),      	
	( '2019F01CptS581'        , 'CptS'       , '581'          , 'Fall'       , 2019      , 11 , 10 ),      	
	( '2020S01CptS451'        , 'CptS'       , '451'          , 'Spring'       , 2020    ,  1  , 8 ),      	
	( '2020S02CptS451'        , 'CptS'       , '451'          , 'Spring'       , 2020    ,  1  , 8 ),      	
	( '2020S01CptS321'        , 'CptS'       , '321'          , 'Spring'       , 2020    , 11  , 8 ),      	
	( '2020S02CptS321'        , 'CptS'       , '321'          , 'Spring'       , 2020    , 11  , 8 ),      	
	( '2020S01CptS437'        , 'CptS'       , '437'          , 'Spring'       , 2020  ,  2  , 8 ),      	
	( '2020S01CptS581'        , 'CptS'       , '581'          , 'Spring'       , 2020  , 11  , 8 ),      	
	( '2020S01CptS582'        , 'CptS'       , '582'          , 'Spring'       , 2020  , 11  , 8 ),      	
	( '2020S01STAT360'        , 'STAT'       , '360'          , 'Spring'       , 2020  , 15  , 8 ),
	( '2019S01MATH172'        , 'MATH'       , '172'          , 'Spring'       , 2020  , 15  , 20 );      	      	


INSERT INTO Enroll (studentID, classID, grade) VALUES
    (5            , '2019S01CptS451'        , 4 ), 
    (8            , '2019S01CptS451'        , 4 ), 
    (9            , '2019S01CptS451'         , 3 ),
    (10            , '2019S01CptS451'        , 2 ), 
    (4            , '2019S01CptS451'        , 1 ), 
    (12            , '2019S01CptS451'        , 1 ), 
    (13            , '2019S01CptS451'        , 2 ), 
    (14            , '2019S01CptS451'        , 2 ), 
    (15            , '2019S01CptS451'        , 4 ), 
    (16            , '2019S01CptS451'        , 3 ), 
    (17            , '2019S01CptS451'        , 3 ), 
    (18            , '2019S01CptS451'        , 3 ), 
    (19            , '2019S01CptS451'        , 3 ), 
    (20            , '2019S01CptS451'        , 3 ), 
	(5             , '2019F01CptS355'        , 4 ),     
    (8             , '2019F01CptS355'        , 3 ),     	
    (9            , '2019F01CptS355'        , 3 ),     
    (10            , '2019F01CptS355'        , 2 ),     
    (4            , '2019F01CptS355'        , 2 ),     
    (12            , '2019F01CptS355'        , 2 ),     
    (13            , '2019F01CptS355'        , 2 ),     
    (14            , '2019F01CptS355'        , 1 ),     
    (15            , '2019F01CptS355'        , 1 ),     
    (18            , '2020S01CptS582'        , 4 ),   
    (19            , '2020S01CptS582'        , 3 ),
    (20            , '2020S01CptS582'        , 4 ),
    (5            , '2019S01CptS437'        , 4 ),     
    (8            , '2019S01CptS437'        , 4 ),     	
    (9            , '2019S01CptS437'        , 4 ),     
    (10            , '2019S01CptS437'         , 3 ),     
    (4            , '2019S01CptS437'         , 3 ),     
    (12            , '2019S01CptS437'         , 3 ),     
    (13            , '2019S01CptS437'         , 3 ),     
    (14            , '2019S01CptS437'         , 2 ),     
    (15            , '2019S01CptS437'         , 2 ),     
    (16            , '2019S01CptS437'         , 2 ),     
    (17            , '2019S01CptS437'         , 2 ),     
    (18            , '2019S01CptS437'         , 1 ),     
    (19            , '2019S01CptS437'         , 1 ),     
    (20            , '2019S01CptS437'         , 4 ),
    (5            , '2019F02STAT360'        , 2 ), 
    (8            , '2019F02STAT360'        , 3 ), 
    (9            , '2019F02STAT360'         , 3 ),
    (10            , '2019F02STAT360'        , 3 ), 
    (4            , '2019F02STAT360'        , 2 ), 
    (12            , '2019F02STAT360'        , 2 ), 
    (13            , '2019F02STAT360'        , 3 ), 
    (14            , '2019F02STAT360'        , 2 ), 
    (15            , '2019F02STAT360'        , 2 ), 
    (16            , '2019F02STAT360'        , 2 ), 
    (19            , '2019F02STAT360'        , 2 ), 
    (20            , '2019F02STAT360'        , 2 ), 
    (5            , '2019S01MATH172'        , 3 ), 
    (8            , '2019S01MATH172'        , 3 ), 
    (9            , '2019S01MATH172'         , 2 ),
    (10            , '2019S01MATH172'        , 2 ), 
    (13            , '2019S01MATH172'        , 2 ), 
    (14            , '2019S01MATH172'        , 3 ), 
    (15            , '2019S01MATH172'        , 3 ), 
    (16            , '2019S01MATH172'        , 2 ), 
    (19            , '2019S01MATH172'        , 3 ), 
    (20            , '2019S01MATH172'        , 2 ) ; 


INSERT INTO Assignment (classID, assignmentNo, title, weight, deadline ) VALUES
	( '2019S01CptS451' ,  1  ,  'Homework 1',   15 ,   '2019-02-05' ),
    ( '2019S01CptS451' ,  2  ,  'Homework 2',   15 ,   '2019-02-15' ),
	( '2019S01CptS451' ,  3  ,  'Homework 3',   20 ,   '2019-02-25' ),
	( '2019S01CptS451' ,  4  ,  'Homework 4',   20 ,   '2019-03-05' ),
	( '2019S01CptS451' ,  5  ,  'Homework 5',   15 ,   '2019-03-15' ),
	( '2019S01CptS451' ,  6  ,  'Homework 6',   15 ,   '2019-04-05' ),
	( '2019F01CptS355' ,  1  ,  'Assignment 1', 10 ,   '2019-09-05' ),
	( '2019F01CptS355' ,  2  ,  'Assignment 2', 15 ,   '2019-09-15' ),
	( '2019F01CptS355' ,  3  ,  'Assignment 3', 15 ,   '2019-10-15' ),
	( '2019F01CptS355' ,  4  ,  'Assignment 4-part1', 10 , '2019-11-05' ),
	( '2019F01CptS355' ,  5  ,  'Assignment 4-part2', 10 , '2019-11-15' ),
	( '2019F01CptS355' ,  6  ,  'Assignment 5', 20 ,   '2019-11-25' ),
	( '2019F01CptS355' ,  7  ,  'Assignment 6', 20 ,   '2019-12-05' ),
	( '2019S01CptS437' ,  1  ,  'Homework 1',   20 ,   '2019-02-05' ),
	( '2019S01CptS437' ,  2  ,  'Homework 2',   20 ,   '2019-02-20' ),
	( '2019S01CptS437' ,  3  ,  'Homework 3',   30 ,   '2019-03-20' ),
	( '2019S01CptS437' ,  4  ,  'Homework 4',   30 ,   '2019-04-15' );


INSERT INTO Submit (classID, assignmentNo, studentID, score, submissiondate ) VALUES
	( '2019S01CptS451' ,  1  ,  5,   75 ,   '2019-02-05' ),
	( '2019S01CptS451' ,  2  ,  5,   85 ,   '2019-02-15' ),
	( '2019S01CptS451' ,  3  ,  5,   95 ,   '2019-02-25' ),
	( '2019S01CptS451' ,  4  ,  5,   70 ,   '2019-03-05' ),
	( '2019S01CptS451' ,  5  ,  5,   90 ,   '2019-03-15' ),
	( '2019S01CptS451' ,  6  ,  5,   100 ,   '2019-04-05' ),
	( '2019S01CptS451' ,  1  ,  8,   95 ,   '2019-02-04' ),
	( '2019S01CptS451' ,  2  ,  8,   65 ,   '2019-02-14' ),
	( '2019S01CptS451' ,  3  ,  8,   45 ,   '2019-02-26' ),
	( '2019S01CptS451' ,  4  ,  8,   55 ,   '2019-03-05' ),
	( '2019S01CptS451' ,  5  ,  8,   60 ,   '2019-03-15' ),
	( '2019S01CptS451' ,  6  ,  8,   80 ,   '2019-04-05' ),
	( '2019S01CptS451' ,  1  ,  9,   85 ,   '2019-02-05' ),
	( '2019S01CptS451' ,  2  ,  9,   60 ,   '2019-02-15' ),
	( '2019S01CptS451' ,  3  ,  9,   100 ,   '2019-02-25' ),
	( '2019S01CptS451' ,  4  ,  9,   95 ,   '2019-03-05' ),
	( '2019S01CptS451' ,  5  ,  9,   75 ,   '2019-03-15' ),
	( '2019S01CptS451' ,  6  ,  9,   95 ,   '2019-04-05' ),
	( '2019S01CptS451' ,  1  , 10,   75 ,   '2019-02-05' ),
	( '2019S01CptS451' ,  2  , 10,   75 ,   '2019-02-13' ),
	( '2019S01CptS451' ,  3  , 10,   75 ,   '2019-02-25' ),
	( '2019S01CptS451' ,  4  , 10,   75 ,   '2019-03-05' ),
	( '2019S01CptS451' ,  5  , 10,   75 ,   '2019-03-15' ),
	( '2019S01CptS451' ,  6  , 10,   75 ,   '2019-04-05' ),
	( '2019S01CptS451' ,  1  , 4,   85 ,   '2019-02-05' ),
	( '2019S01CptS451' ,  2  , 4,   85 ,   '2019-02-15' ),
	( '2019S01CptS451' ,  3  , 4,   85 ,   '2019-02-27' ),
	( '2019S01CptS451' ,  4  , 4,   85 ,   '2019-03-05' ),
	( '2019S01CptS451' ,  5  , 4,   85 ,   '2019-03-15' ),
	( '2019S01CptS451' ,  6  , 4,   85 ,   '2019-04-05' ),
	( '2019S01CptS451' ,  1  , 12,   95 ,   '2019-02-05' ),
	( '2019S01CptS451' ,  3  , 12,   95 ,   '2019-02-25' ),
	( '2019S01CptS451' ,  4  , 12,   95 ,   '2019-03-05' ),
	( '2019S01CptS451' ,  5  , 12,   95 ,   '2019-03-15' ),
	( '2019S01CptS451' ,  6  , 12,   95 ,   '2019-04-05' ),
	( '2019S01CptS451' ,  2  , 13,   75 ,   '2019-02-15' ),
	( '2019S01CptS451' ,  3  , 13,   65 ,   '2019-02-25' ),
	( '2019S01CptS451' ,  4  , 13,   75 ,   '2019-03-05' ),
	( '2019S01CptS451' ,  5  , 13,   75 ,   '2019-03-15' ),
	( '2019S01CptS451' ,  6  , 13,   85 ,   '2019-04-05' ),
	( '2019S01CptS451' ,  2  , 14,   75 ,   '2019-02-15' ),
	( '2019S01CptS451' ,  3  , 14,   75 ,   '2019-02-25' ),
	( '2019S01CptS451' ,  5  , 14,   80 ,   '2019-03-15' ),
	( '2019S01CptS451' ,  6  , 14,   75 ,   '2019-04-05' ),
	( '2019F01CptS355' ,  1  , 5 ,   80,  '2019-09-05' ),
	( '2019F01CptS355' ,  2  , 5 ,   85,  '2019-09-15' ),
	( '2019F01CptS355' ,  3  , 5 ,   90,  '2019-10-13' ),
	( '2019F01CptS355' ,  4  , 5 ,   88,  '2019-11-02' ),
	( '2019F01CptS355' ,  5  , 5 ,   100,  '2019-11-15' ),
	( '2019F01CptS355' ,  6  , 5 ,   90,  '2019-11-26' ),
	( '2019F01CptS355' ,  7  , 5 ,   85,  '2019-12-05' ),
	( '2019F01CptS355' ,  1  , 8 ,   81,  '2019-09-05' ),
	( '2019F01CptS355' ,  2  , 8 ,   80,  '2019-09-15' ),
	( '2019F01CptS355' ,  3  , 8 ,   80,  '2019-10-15' ),
	( '2019F01CptS355' ,  4  , 8 ,   80,  '2019-11-04' ),
	( '2019F01CptS355' ,  5  , 8 ,   90,  '2019-11-15' ),
	( '2019F01CptS355' ,  6  , 8 ,   100,  '2019-11-25' ),
	( '2019F01CptS355' ,  7  , 8 ,   80,  '2019-12-05' ),
	( '2019F01CptS355' ,  1  , 9 ,   90,  '2019-09-05' ),
	( '2019F01CptS355' ,  2  , 9 ,   90,  '2019-09-16' ),
	( '2019F01CptS355' ,  3  , 9 ,   95,  '2019-10-15' ),
	( '2019F01CptS355' ,  4  , 9 ,   70,  '2019-11-05' ),
	( '2019F01CptS355' ,  5  , 9 ,   100,  '2019-11-15' ),
	( '2019F01CptS355' ,  1  , 10 ,   70,  '2019-09-05' ),
	( '2019F01CptS355' ,  2  , 10 ,   60,  '2019-09-16' ),
	( '2019F01CptS355' ,  3  , 10 ,   50,  '2019-10-15' ),
	( '2019F01CptS355' ,  7  , 10 ,   80,  '2019-12-04' );	


INSERT INTO Post (postID, userID, kind, timestamp, content, popularity ) VALUES
	( 1            , 1            ,'Announcement', '2019-01-13',       'Welcome to CptS451!', 20 ), 
    ( 2            , 1            ,'Announcement', '2019-01-13',       'HW1 is posted!', 0 ), 
    ( 3            , 15           ,'Comment',      '2019-01-14',       'Clarification on problem-2', 10 ), 
    ( 4            , 1            ,'Comment',      '2019-01-14',       'Problem-2 clarification', 10 ), 
    ( 5            , 8            ,'Comment',      '2019-01-15',       'Strong vs. weak entity', 5 ), 
    ( 6            , 1            ,'Comment',      '2019-01-15',       'All strong entities should have a promary key!', 0 ), 
    ( 7            , 8            ,'Comment',      '2019-01-15',       'Notation for partial key.', 0 ), 
    ( 8            , 4            ,'Comment',      '2019-01-15',       'Underline partial keys', 5 ), 
    ( 9            , 1            ,'Announcement', '2019-01-19',       'HW2 is posted!', 0 ), 
    ( 10            , 1           ,'Announcement', '2019-02-15',       'HW2 is due today!', 0 ), 
    ( 11            , 22           ,'Announcement', '2019-02-10',       'Snow day - class is cancelled!', 50 ), 
    ( 12            , 16          ,'Comment',      '2019-01-13',       'Is it possible to submit HW1 a little bit late?', 20 ), 
    ( 13            , 1           ,'Comment',      '2019-01-13',       'All HWs should be submitted on time!', 0 ), 
    ( 14            , 18          ,'Comment',      '2019-01-13',       'Should we include the query output in our solution. ' , 0 ), 
    ( 15            , 4           ,'Comment',      '2019-01-13',       'Yes.!', 0 ), 
    ( 16            , 1           ,'Announcement', '2019-02-25',       'HW3 is due today!', 0 ), 
    ( 17            , 1           ,'Announcement', '2019-02-25',       'HW4 is posted!', 0 ), 
    ( 18            , 20          ,'Announcement', '2019-02-28',       'Can we handwrite the solution?', 0 ), 
    ( 19            , 1           ,'Announcement', '2019-03-05',       'HW4 is due today!', 0 ), 
    ( 20            , 1           ,'Announcement', '2019-04-05',       'HW6 is due today!', 0 );


INSERT INTO PostAbout (postID, classID, assignmentNo ) VALUES
	( 1  ,          '2019S01CptS451', 1 ), 
    ( 2  ,          '2019S01CptS451', 1 ),
    ( 3  ,          '2019S01CptS451', 2 ),
    ( 4  ,          '2019S01CptS451', 3 ),
    ( 5  ,          '2019S01CptS451', 4 ),
    ( 6  ,          '2019S01CptS451', 5 ),
    ( 7  ,          '2019S01CptS451', 5 ),
    ( 8  ,          '2019S01CptS451', 6 ),
    ( 9  ,          '2019S01CptS451', 6 ),
    ( 10 ,          '2019F01CptS355' , 1 ),
    ( 11 ,          '2019F01CptS355' , 1 ),
    ( 12 ,          '2019F01CptS355' , 2 ),
    ( 13 ,          '2019F01CptS355' , 2 ),
    ( 14 ,          '2019F01CptS355' , 2 ),
    ( 15 ,          '2019F01CptS355' , 2 ),
    ( 16 ,          '2019F01CptS355' , 3 ),
    ( 17 ,          '2019F01CptS355' , 4 ),
    ( 18 ,          '2019F01CptS355' , 5 ),
    ( 19 ,          '2019F01CptS355' , 6 ),
    ( 20 ,          '2019F01CptS355' , 7 );

